INSERT OR IGNORE INTO users (id, display_name, locale) VALUES ('user_test_123456', 'Test User', 'zh-CN');

INSERT INTO recipes (id, owner_user_id, title, description, cover_image, tools, category, difficulty, prep_time, cook_time, tags, created_at, last_modified_at) VALUES ('59931bdd-210e-4b1a-9b53-159d9f92933e', 'user_test_123456', '仙草芋圆', '一道经典的夏日消暑甜品，由Q弹的芋圆和滑嫩的仙草组成，搭配清凉的牛奶或椰汁，口感层次丰富。', 'recipes/3bccdcf7-2af6-4b27-8468-9fd91c21bcff-xiancao_yuyuan_1773001399834.png', '蒸锅, 煮锅', '甜点', 'medium', 30, 10, '["甜品","中式","下午茶","消暑"]', '2025-12-05 03:31:32', '2025-12-05 03:31:32');
INSERT INTO ingredients (id, recipe_id, name, amount, unit, sort_order) VALUES ('3896dc22-e0f6-4b29-b032-afd076c19292', '59931bdd-210e-4b1a-9b53-159d9f92933e', '仙草冻', 200, '克', 0);
INSERT INTO ingredients (id, recipe_id, name, amount, unit, sort_order) VALUES ('83cd3aeb-1bd8-49c6-a146-bb7dc1212230', '59931bdd-210e-4b1a-9b53-159d9f92933e', '红薯/芋头', 300, '克', 1);
INSERT INTO ingredients (id, recipe_id, name, amount, unit, sort_order) VALUES ('3de098ca-fc0a-44cc-8367-eda5c8105075', '59931bdd-210e-4b1a-9b53-159d9f92933e', '木薯淀粉', 150, '克', 2);
INSERT INTO ingredients (id, recipe_id, name, amount, unit, sort_order) VALUES ('c6a04b16-e7c8-4f75-8d4b-0e1c8a65de76', '59931bdd-210e-4b1a-9b53-159d9f92933e', '细砂糖', 30, '克', 3);
INSERT INTO ingredients (id, recipe_id, name, amount, unit, sort_order) VALUES ('b22bc4d5-ce34-4b18-8400-da5637a8c236', '59931bdd-210e-4b1a-9b53-159d9f92933e', '牛奶或椰汁', 150, '毫升', 4);
INSERT INTO steps (id, recipe_id, description, step_type, time_minutes, sort_order) VALUES ('1bd0e5fe-b16d-4103-b785-9df190da6752', '59931bdd-210e-4b1a-9b53-159d9f92933e', '将红薯和芋头去皮切块，放入蒸锅蒸熟至软烂。', 'prep', 20, 0);
INSERT INTO steps (id, recipe_id, description, step_type, time_minutes, sort_order) VALUES ('c5a6e8d2-d00b-4c42-b802-21a5d10b902a', '59931bdd-210e-4b1a-9b53-159d9f92933e', '趁热将蒸好的红薯和芋头压成泥，分别加入木薯淀粉和糖，揉成不粘手的面团。', 'prep', 10, 1);
INSERT INTO steps (id, recipe_id, description, step_type, time_minutes, sort_order) VALUES ('4f7351b9-8e8a-413b-b46d-68b85781f0bf', '59931bdd-210e-4b1a-9b53-159d9f92933e', '将面团搓成长条，切成小丁，制成芋圆生坯。', 'prep', 5, 2);
INSERT INTO steps (id, recipe_id, description, step_type, time_minutes, sort_order) VALUES ('2f342b62-08b8-44b2-b868-7921c72cebd9', '59931bdd-210e-4b1a-9b53-159d9f92933e', '锅中水烧开，放入芋圆煮至全部浮起，继续煮1-2分钟后捞出，放入冰水中过凉。', 'active_cook', 5, 3);
INSERT INTO steps (id, recipe_id, description, step_type, time_minutes, sort_order) VALUES ('1271621b-452b-4c80-84b2-b49e6ffb40b8', '59931bdd-210e-4b1a-9b53-159d9f92933e', '在碗中放入切块的仙草冻和煮好的芋圆，倒入冰镇的牛奶或椰汁即可食用。', 'active_cook', 2, 4);
INSERT INTO recipes (id, owner_user_id, title, description, cover_image, tools, category, difficulty, prep_time, cook_time, tags, created_at, last_modified_at) VALUES ('2f2680d8-8dee-4ade-9045-dd147fdd6c88', 'user_test_123456', '回锅肉', '回锅肉是一道著名的四川传统菜肴，以其色泽红亮、肥而不腻、口味香浓而闻名。其特点是肉片先煮后炒，故名“回锅”。', 'recipes/e0a5343d-f5cf-45e4-ac75-ff9ab5b306e1-huiguo_rou_1773001412256.png', '炒锅', '午餐/晚餐', 'medium', 15, 20, '["中餐","川菜","猪肉","经典"]', '2026-02-17 00:32:23', '2026-02-17 00:32:23');
INSERT INTO ingredients (id, recipe_id, name, amount, unit, sort_order) VALUES ('37874d43-6625-4fa0-9832-0481e5723382', '2f2680d8-8dee-4ade-9045-dd147fdd6c88', '五花肉', 400, '克', 0);
INSERT INTO ingredients (id, recipe_id, name, amount, unit, sort_order) VALUES ('416d7742-dbbd-404d-90a7-1177c329fc27', '2f2680d8-8dee-4ade-9045-dd147fdd6c88', '青蒜 (蒜苗)', 100, '克', 1);
INSERT INTO ingredients (id, recipe_id, name, amount, unit, sort_order) VALUES ('51acd66a-2521-47c1-87eb-2703238cacac', '2f2680d8-8dee-4ade-9045-dd147fdd6c88', '郫县豆瓣酱', 1, '汤匙', 2);
INSERT INTO ingredients (id, recipe_id, name, amount, unit, sort_order) VALUES ('0a5ca02a-6bb8-45b8-97b9-76811c15b78b', '2f2680d8-8dee-4ade-9045-dd147fdd6c88', '生姜', 10, '克', 3);
INSERT INTO ingredients (id, recipe_id, name, amount, unit, sort_order) VALUES ('75db0f84-9a1b-43be-ac48-895dd09b18f0', '2f2680d8-8dee-4ade-9045-dd147fdd6c88', '大蒜', 2, '瓣', 4);
INSERT INTO ingredients (id, recipe_id, name, amount, unit, sort_order) VALUES ('ded8dc6f-039e-47bc-8ab5-ca8745f7d70f', '2f2680d8-8dee-4ade-9045-dd147fdd6c88', '料酒', 1, '汤匙', 5);
INSERT INTO ingredients (id, recipe_id, name, amount, unit, sort_order) VALUES ('bb2c15bf-ff67-4c61-8a3c-8dca076223da', '2f2680d8-8dee-4ade-9045-dd147fdd6c88', '白糖', 5, '克', 6);
INSERT INTO ingredients (id, recipe_id, name, amount, unit, sort_order) VALUES ('2fca65a6-3ffb-4685-a012-c8b2388fb100', '2f2680d8-8dee-4ade-9045-dd147fdd6c88', '食用油', 10, '毫升', 7);
INSERT INTO steps (id, recipe_id, description, step_type, time_minutes, sort_order) VALUES ('b847f804-f00b-4218-9051-2dacb47651b9', '2f2680d8-8dee-4ade-9045-dd147fdd6c88', '将五花肉放入冷水锅中，加入姜片和料酒，煮至八成熟（约15分钟），捞出晾凉。', 'active_cook', 15, 0);
INSERT INTO steps (id, recipe_id, description, step_type, time_minutes, sort_order) VALUES ('eb1d147f-38ae-4c1c-b744-430f16754641', '2f2680d8-8dee-4ade-9045-dd147fdd6c88', '将煮好的五花肉切成薄片；青蒜斜切成段；姜蒜切片。', 'prep', 5, 1);
INSERT INTO steps (id, recipe_id, description, step_type, time_minutes, sort_order) VALUES ('76a6cc0c-f3a3-45b2-8567-3e7981973a5a', '2f2680d8-8dee-4ade-9045-dd147fdd6c88', '锅中倒少量油，放入五花肉片中小火煸炒至肉片出油并呈“灯盏窝”状（微卷）。', 'active_cook', 5, 2);
INSERT INTO steps (id, recipe_id, description, step_type, time_minutes, sort_order) VALUES ('45e54d2e-6aaa-4d3c-ad6d-9b6737c45d17', '2f2680d8-8dee-4ade-9045-dd147fdd6c88', '加入豆瓣酱、姜蒜片翻炒出红油，加入少许糖提鲜。', 'active_cook', 2, 3);
INSERT INTO steps (id, recipe_id, description, step_type, time_minutes, sort_order) VALUES ('ef4bd33c-7c44-4943-88fa-67d18aed1624', '2f2680d8-8dee-4ade-9045-dd147fdd6c88', '放入青蒜段，快速大火翻炒至青蒜断生即可出锅。', 'active_cook', 2, 4);
INSERT INTO recipes (id, owner_user_id, title, description, cover_image, tools, category, difficulty, prep_time, cook_time, tags, created_at, last_modified_at) VALUES ('a11c2bef-bcda-4638-9a35-239cc830ed1b', 'user_test_123456', '白切鸡', '白切鸡又称白斩鸡，是粤菜中最普通的一种。制作简便，不加配料且保持原味，皮爽肉滑，清淡鲜美。', 'recipes/81ef9bc4-8eee-4c10-8388-abb43f51fd91-baiqie_ji_1773001424874.png', '汤锅、菜刀、砧板', '晚餐', 'medium', 15, 25, '["中餐","粤菜","经典","鸡肉"]', '2025-10-13 03:52:36', '2025-10-13 03:52:36');
INSERT INTO ingredients (id, recipe_id, name, amount, unit, sort_order) VALUES ('e1fe2865-8f63-4983-b89e-b4fe414a5165', 'a11c2bef-bcda-4638-9a35-239cc830ed1b', '三黄鸡', 1000, '克', 0);
INSERT INTO ingredients (id, recipe_id, name, amount, unit, sort_order) VALUES ('71f73aa9-3ce5-495b-b5c6-57c8a98973b9', 'a11c2bef-bcda-4638-9a35-239cc830ed1b', '姜', 30, '克', 1);
INSERT INTO ingredients (id, recipe_id, name, amount, unit, sort_order) VALUES ('687858c3-00d2-48c0-bd33-6f43ded1e3c9', 'a11c2bef-bcda-4638-9a35-239cc830ed1b', '葱', 20, '克', 2);
INSERT INTO ingredients (id, recipe_id, name, amount, unit, sort_order) VALUES ('bd783992-aec5-44da-b107-705c16b51e67', 'a11c2bef-bcda-4638-9a35-239cc830ed1b', '料酒', 15, '毫升', 3);
INSERT INTO ingredients (id, recipe_id, name, amount, unit, sort_order) VALUES ('b7acabb0-2ab8-4ba6-ad0b-67b708b1f920', 'a11c2bef-bcda-4638-9a35-239cc830ed1b', '盐', 5, '克', 4);
INSERT INTO ingredients (id, recipe_id, name, amount, unit, sort_order) VALUES ('c3797dd9-fc13-4c5b-a003-ad86bee89955', 'a11c2bef-bcda-4638-9a35-239cc830ed1b', '花生油', 10, '毫升', 5);
INSERT INTO steps (id, recipe_id, description, step_type, time_minutes, sort_order) VALUES ('b53341e7-c94d-465c-b6ac-732031bf82a2', 'a11c2bef-bcda-4638-9a35-239cc830ed1b', '将鸡清洗干净，去掉内脏，姜切片，葱打结。', 'prep', 5, 0);
INSERT INTO steps (id, recipe_id, description, step_type, time_minutes, sort_order) VALUES ('2b8e22c5-350c-4fe3-822a-57e561c1bcc7', 'a11c2bef-bcda-4638-9a35-239cc830ed1b', '锅中加入足量冷水，放入姜片、葱结和料酒，大火烧开。', 'active_cook', 5, 1);
INSERT INTO steps (id, recipe_id, description, step_type, time_minutes, sort_order) VALUES ('21611630-fbd9-4d01-8028-161d844fd337', 'a11c2bef-bcda-4638-9a35-239cc830ed1b', '提住鸡头，将鸡身放入沸水中烫5秒后提起，重复三次，以使腹腔受热均匀。', 'active_cook', 2, 2);
INSERT INTO steps (id, recipe_id, description, step_type, time_minutes, sort_order) VALUES ('1763cd0b-227c-40dc-a1cb-1480f2eac38a', 'a11c2bef-bcda-4638-9a35-239cc830ed1b', '将鸡完全浸没在锅中，转小火保持水微开状态，盖上锅盖浸煮约15-20分钟。', 'active_cook', 18, 3);
INSERT INTO steps (id, recipe_id, description, step_type, time_minutes, sort_order) VALUES ('a00ea8e6-8c5f-48a2-b4c5-a1e759e372c8', 'a11c2bef-bcda-4638-9a35-239cc830ed1b', '将煮熟的鸡取出，立即放入准备好的冰水中浸泡5分钟，使皮质爽脆。', 'prep', 5, 4);
INSERT INTO steps (id, recipe_id, description, step_type, time_minutes, sort_order) VALUES ('a81047f7-5ffa-4128-9cf0-679c45deb8e3', 'a11c2bef-bcda-4638-9a35-239cc830ed1b', '捞出沥干水分，在鸡皮表面刷上一层花生油，斩件装盘，搭配姜葱油蘸料食用。', 'prep', 5, 5);
INSERT INTO recipes (id, owner_user_id, title, description, cover_image, tools, category, difficulty, prep_time, cook_time, tags, created_at, last_modified_at) VALUES ('b09378c1-4634-48f0-a6d7-fe4494998225', 'user_test_123456', '生煎包', '生煎包是流行于上海、江苏及浙江的一种传统小吃。底酥、皮薄、肉香。咬一口满嘴汤汁，口感层次丰富。', 'recipes/f0f0f731-9ab1-4a74-a45d-70813f949c38-shengjian_bao_1773001439109.png', '平底锅, 擀面杖', '中式点心 / 早餐', 'medium', 60, 20, '["中餐","猪肉","点心","面食"]', '2026-02-15 07:52:33', '2026-02-15 07:52:33');
INSERT INTO ingredients (id, recipe_id, name, amount, unit, sort_order) VALUES ('9ad407b8-9ef0-4a9d-8403-c21c2ec82c16', 'b09378c1-4634-48f0-a6d7-fe4494998225', '中筋面粉', 300, '克', 0);
INSERT INTO ingredients (id, recipe_id, name, amount, unit, sort_order) VALUES ('33fcb1c0-cb0f-4421-92ce-40a810171a47', 'b09378c1-4634-48f0-a6d7-fe4494998225', '温水', 160, '克', 1);
INSERT INTO ingredients (id, recipe_id, name, amount, unit, sort_order) VALUES ('3b50cde5-7b47-49ff-a70c-8b5894fe655b', 'b09378c1-4634-48f0-a6d7-fe4494998225', '干酵母', 3, '克', 2);
INSERT INTO ingredients (id, recipe_id, name, amount, unit, sort_order) VALUES ('742f9036-7265-4167-aaca-f45939ebfc71', 'b09378c1-4634-48f0-a6d7-fe4494998225', '猪肉馅', 300, '克', 3);
INSERT INTO ingredients (id, recipe_id, name, amount, unit, sort_order) VALUES ('4ba71cd3-ccee-43a2-8b06-27991ed681ea', 'b09378c1-4634-48f0-a6d7-fe4494998225', '皮冻', 100, '克', 4);
INSERT INTO ingredients (id, recipe_id, name, amount, unit, sort_order) VALUES ('281a54b5-dec8-4d24-9dfc-d2b212fae718', 'b09378c1-4634-48f0-a6d7-fe4494998225', '生抽', 15, '克', 5);
INSERT INTO ingredients (id, recipe_id, name, amount, unit, sort_order) VALUES ('ff3657ef-08e0-4d00-85cc-f475983aff38', 'b09378c1-4634-48f0-a6d7-fe4494998225', '老抽', 5, '克', 6);
INSERT INTO ingredients (id, recipe_id, name, amount, unit, sort_order) VALUES ('8e596d1e-0a46-47f9-9a7d-bcb22b0b7646', 'b09378c1-4634-48f0-a6d7-fe4494998225', '盐', 3, '克', 7);
INSERT INTO ingredients (id, recipe_id, name, amount, unit, sort_order) VALUES ('6679e055-fdce-44d8-86a9-4e423b89ac75', 'b09378c1-4634-48f0-a6d7-fe4494998225', '糖', 10, '克', 8);
INSERT INTO ingredients (id, recipe_id, name, amount, unit, sort_order) VALUES ('2099a88d-9861-4109-87d9-03118e76f9f1', 'b09378c1-4634-48f0-a6d7-fe4494998225', '葱花', 20, '克', 9);
INSERT INTO ingredients (id, recipe_id, name, amount, unit, sort_order) VALUES ('226caa8b-5861-440b-a858-7c19c3023e0e', 'b09378c1-4634-48f0-a6d7-fe4494998225', '姜末', 10, '克', 10);
INSERT INTO ingredients (id, recipe_id, name, amount, unit, sort_order) VALUES ('35120454-0319-4253-83d9-1cb007b43ed5', 'b09378c1-4634-48f0-a6d7-fe4494998225', '黑芝麻', 5, '克', 11);
INSERT INTO ingredients (id, recipe_id, name, amount, unit, sort_order) VALUES ('6da3cf80-990d-4fa6-998e-dea8ea8004c7', 'b09378c1-4634-48f0-a6d7-fe4494998225', '食用油', 30, '克', 12);
INSERT INTO steps (id, recipe_id, description, step_type, time_minutes, sort_order) VALUES ('bb5052da-021b-4a58-8aa1-dc001db2fd4f', 'b09378c1-4634-48f0-a6d7-fe4494998225', '面粉加入酵母和温水，揉成光滑面团，盖上保鲜膜发酵至两倍大。', 'prep', 45, 0);
INSERT INTO steps (id, recipe_id, description, step_type, time_minutes, sort_order) VALUES ('d285255d-d455-4356-b96d-e936a329dd14', 'b09378c1-4634-48f0-a6d7-fe4494998225', '将猪肉馅加入生抽、老抽、盐、糖、姜末、葱花顺时针搅拌上劲，最后混入切碎的皮冻。', 'prep', 15, 1);
INSERT INTO steps (id, recipe_id, description, step_type, time_minutes, sort_order) VALUES ('d8e45169-1d72-4182-88ee-aa9df46776dc', 'b09378c1-4634-48f0-a6d7-fe4494998225', '发酵好的面团排气，分成小剂子，包入肉馅，收口朝下放置。', 'prep', 20, 2);
INSERT INTO steps (id, recipe_id, description, step_type, time_minutes, sort_order) VALUES ('64c29bf6-109b-468d-8ed8-ad46c3e6a0e0', 'b09378c1-4634-48f0-a6d7-fe4494998225', '平底锅倒入少量油，放入包子，中火煎至底部金黄。', 'active_cook', 5, 3);
INSERT INTO steps (id, recipe_id, description, step_type, time_minutes, sort_order) VALUES ('3ade81d3-1b38-4b95-8c5e-719a8b5be0a4', 'b09378c1-4634-48f0-a6d7-fe4494998225', '倒入没过包子三分之一的水，盖上锅盖焖煮约10分钟直至水分收干。', 'active_cook', 10, 4);
INSERT INTO steps (id, recipe_id, description, step_type, time_minutes, sort_order) VALUES ('af1b4a53-2b21-4ab3-a34d-768916689874', 'b09378c1-4634-48f0-a6d7-fe4494998225', '撒上黑芝麻和葱花，再小火煎1-2分钟使底部更酥脆即可出锅。', 'active_cook', 5, 5);
INSERT INTO recipes (id, owner_user_id, title, description, cover_image, tools, category, difficulty, prep_time, cook_time, tags, created_at, last_modified_at) VALUES ('8ff2b0e8-c994-4ade-82bf-9e380f386911', 'user_test_123456', '金包银 (翡翠白菜卷)', '这是一道色香味俱全的家常菜。用鲜嫩的大白菜叶包裹着调味好的肉馅，经过蒸制后淋上鲜美的芡汁，口感清脆爽口，肉馅鲜嫩多汁。', 'recipes/42056707-8a93-41e0-a244-1c350a193401-jinbaoyin_1773001454002.png', '蒸锅, 炒锅', '晚餐', 'medium', 20, 15, '["中餐","猪肉","蒸菜","家常菜"]', '2025-10-19 10:58:15', '2025-10-19 10:58:15');
INSERT INTO ingredients (id, recipe_id, name, amount, unit, sort_order) VALUES ('b75883bd-7a6a-48f7-a4ec-9f9d28b848bb', '8ff2b0e8-c994-4ade-82bf-9e380f386911', '大白菜', 10, '叶', 0);
INSERT INTO ingredients (id, recipe_id, name, amount, unit, sort_order) VALUES ('30b59df9-e66e-47fd-9fa6-fcbc513b352c', '8ff2b0e8-c994-4ade-82bf-9e380f386911', '猪肉馅', 250, '克', 1);
INSERT INTO ingredients (id, recipe_id, name, amount, unit, sort_order) VALUES ('44180655-7122-4a1c-91f9-76df11356141', '8ff2b0e8-c994-4ade-82bf-9e380f386911', '香菇', 3, '朵', 2);
INSERT INTO ingredients (id, recipe_id, name, amount, unit, sort_order) VALUES ('446866b5-ac66-493b-8698-1d3e70744dd1', '8ff2b0e8-c994-4ade-82bf-9e380f386911', '胡萝卜', 50, '克', 3);
INSERT INTO ingredients (id, recipe_id, name, amount, unit, sort_order) VALUES ('ba9eef35-d67b-42cf-90cb-b1f7e7ad9119', '8ff2b0e8-c994-4ade-82bf-9e380f386911', '生抽', 1, '汤匙', 4);
INSERT INTO ingredients (id, recipe_id, name, amount, unit, sort_order) VALUES ('9602a9b7-ed6f-408b-8a81-113ab88c586d', '8ff2b0e8-c994-4ade-82bf-9e380f386911', '蚝油', 1, '汤匙', 5);
INSERT INTO ingredients (id, recipe_id, name, amount, unit, sort_order) VALUES ('db0859b8-59ae-408d-9600-d492ea683c67', '8ff2b0e8-c994-4ade-82bf-9e380f386911', '盐', 2, '克', 6);
INSERT INTO ingredients (id, recipe_id, name, amount, unit, sort_order) VALUES ('163ce8c8-dbba-4565-ac3d-9c7ce836e137', '8ff2b0e8-c994-4ade-82bf-9e380f386911', '淀粉', 1, '勺', 7);
INSERT INTO ingredients (id, recipe_id, name, amount, unit, sort_order) VALUES ('ca566d6c-b859-4dba-ad7a-5524470f9d30', '8ff2b0e8-c994-4ade-82bf-9e380f386911', '葱末', 5, '克', 8);
INSERT INTO ingredients (id, recipe_id, name, amount, unit, sort_order) VALUES ('6b6f0c8e-decc-4488-9f35-0642132637c6', '8ff2b0e8-c994-4ade-82bf-9e380f386911', '姜末', 5, '克', 9);
INSERT INTO steps (id, recipe_id, description, step_type, time_minutes, sort_order) VALUES ('a504dd86-67d4-40fe-b04d-a39a94e2ccfc', '8ff2b0e8-c994-4ade-82bf-9e380f386911', '将猪肉馅加入葱姜末、生抽、盐、少许淀粉顺时针搅拌上劲。香菇和胡萝卜切碎拌入肉馅中。', 'prep', 10, 0);
INSERT INTO steps (id, recipe_id, description, step_type, time_minutes, sort_order) VALUES ('95e98fb7-e6ff-4941-8ea3-b1a6ec1d2612', '8ff2b0e8-c994-4ade-82bf-9e380f386911', '大白菜叶洗净，入开水中烫软捞出，过凉水备用。', 'prep', 5, 1);
INSERT INTO steps (id, recipe_id, description, step_type, time_minutes, sort_order) VALUES ('f0ccb708-ed21-4eaa-b994-93fa26e77933', '8ff2b0e8-c994-4ade-82bf-9e380f386911', '将白菜叶铺平，放上适量肉馅，由底部向上卷起，两边向内折叠，卷成圆柱形。', 'prep', 5, 2);
INSERT INTO steps (id, recipe_id, description, step_type, time_minutes, sort_order) VALUES ('6a927e28-35c5-42af-8c6b-e65f77b7d28a', '8ff2b0e8-c994-4ade-82bf-9e380f386911', '将卷好的白菜卷放入盘中，冷水上锅，大火蒸8-10分钟。', 'active_cook', 10, 3);
INSERT INTO steps (id, recipe_id, description, step_type, time_minutes, sort_order) VALUES ('7960cf25-e0e6-4328-887f-20e127911d04', '8ff2b0e8-c994-4ade-82bf-9e380f386911', '将蒸出的汤汁倒入锅中，加入蚝油和少许淀粉水勾薄芡，淋在白菜卷上即可。', 'active_cook', 5, 4);
INSERT INTO recipes (id, owner_user_id, title, description, cover_image, tools, category, difficulty, prep_time, cook_time, tags, created_at, last_modified_at) VALUES ('93b2232f-e3be-4c9c-9ce4-19b6b2837b00', 'user_test_123456', '蒜苔炒腊肉', '这是一道经典的家常小炒，蒜苔的爽脆与腊肉的咸香完美融合，下饭必备。', 'recipes/f41c467e-43a2-4a04-aa81-5e2f76f50eb2-suantai_larou_1773001490862.png', '炒锅', '晚餐', 'easy', 10, 10, '["中餐","家常菜","猪肉","蒜苔"]', '2025-12-11 14:18:10', '2025-12-11 14:18:10');
INSERT INTO ingredients (id, recipe_id, name, amount, unit, sort_order) VALUES ('03e53e88-f009-4dc7-a1e2-f2379a0f9ce0', '93b2232f-e3be-4c9c-9ce4-19b6b2837b00', '蒜苔', 250, '克', 0);
INSERT INTO ingredients (id, recipe_id, name, amount, unit, sort_order) VALUES ('d53d1708-66cb-42d6-b45a-c182b8f20a59', '93b2232f-e3be-4c9c-9ce4-19b6b2837b00', '腊肉', 150, '克', 1);
INSERT INTO ingredients (id, recipe_id, name, amount, unit, sort_order) VALUES ('cd368230-771c-449e-b0f8-2cb6de321a9f', '93b2232f-e3be-4c9c-9ce4-19b6b2837b00', '红辣椒', 1, '个', 2);
INSERT INTO ingredients (id, recipe_id, name, amount, unit, sort_order) VALUES ('b0838a2d-94bf-4d89-ba36-71e67d02b68b', '93b2232f-e3be-4c9c-9ce4-19b6b2837b00', '生抽', 5, '毫升', 3);
INSERT INTO ingredients (id, recipe_id, name, amount, unit, sort_order) VALUES ('60f7ae41-55e7-4850-9e1e-22ce35c6a617', '93b2232f-e3be-4c9c-9ce4-19b6b2837b00', '生姜', 5, '克', 4);
INSERT INTO ingredients (id, recipe_id, name, amount, unit, sort_order) VALUES ('3cecd1a6-d75e-4174-b93b-0f5b63e5b292', '93b2232f-e3be-4c9c-9ce4-19b6b2837b00', '大蒜', 2, '瓣', 5);
INSERT INTO steps (id, recipe_id, description, step_type, time_minutes, sort_order) VALUES ('e09a3db1-58fb-42aa-abbd-7ab5ddb183c2', '93b2232f-e3be-4c9c-9ce4-19b6b2837b00', '将蒜苔洗净切成小段，腊肉切成薄片备用。', 'prep', 5, 0);
INSERT INTO steps (id, recipe_id, description, step_type, time_minutes, sort_order) VALUES ('adff024c-4bb7-4820-b80b-ec26de16a676', '93b2232f-e3be-4c9c-9ce4-19b6b2837b00', '锅中倒入少量油，放入腊肉中小火煸炒至出油且边缘微焦。', 'active_cook', 3, 1);
INSERT INTO steps (id, recipe_id, description, step_type, time_minutes, sort_order) VALUES ('40360e32-c806-4947-83e5-ad381765bc54', '93b2232f-e3be-4c9c-9ce4-19b6b2837b00', '加入姜片、蒜片和红辣椒段炒出香味。', 'active_cook', 1, 2);
INSERT INTO steps (id, recipe_id, description, step_type, time_minutes, sort_order) VALUES ('c7455853-8172-45e3-98ba-801668c520ad', '93b2232f-e3be-4c9c-9ce4-19b6b2837b00', '倒入蒜苔大火快速翻炒，调入生抽，炒至蒜苔断生即可出锅。', 'active_cook', 3, 3);
INSERT INTO recipes (id, owner_user_id, title, description, cover_image, tools, category, difficulty, prep_time, cook_time, tags, created_at, last_modified_at) VALUES ('642bb858-ba5e-40fa-84e7-e87f139a8b31', 'user_test_123456', '干锅花菜', '一道经典的中式家常菜，花菜口感清脆，搭配五花肉的油脂香气和香辣的调料，非常下饭。', 'recipes/e5bae72e-f708-4fad-a1e2-a4c450c8cbc0-ganguo_huacai_1773001504027.png', '炒锅', '晚餐', 'easy', 10, 15, '["中餐","家常菜","香辣","蔬菜"]', '2025-10-21 13:29:41', '2025-10-21 13:29:41');
INSERT INTO ingredients (id, recipe_id, name, amount, unit, sort_order) VALUES ('9346f07b-5ba7-4c13-8472-79ae1ebb4cb8', '642bb858-ba5e-40fa-84e7-e87f139a8b31', '花菜', 500, '克', 0);
INSERT INTO ingredients (id, recipe_id, name, amount, unit, sort_order) VALUES ('8ac850eb-4267-419d-a550-a0f9e3478c3f', '642bb858-ba5e-40fa-84e7-e87f139a8b31', '五花肉', 100, '克', 1);
INSERT INTO ingredients (id, recipe_id, name, amount, unit, sort_order) VALUES ('8f26c080-d493-4014-953e-ee269eb0e980', '642bb858-ba5e-40fa-84e7-e87f139a8b31', '青红辣椒', 3, '个', 2);
INSERT INTO ingredients (id, recipe_id, name, amount, unit, sort_order) VALUES ('dd0268ac-2ca1-4a31-97a3-5aa7e046e988', '642bb858-ba5e-40fa-84e7-e87f139a8b31', '大蒜', 3, '瓣', 3);
INSERT INTO ingredients (id, recipe_id, name, amount, unit, sort_order) VALUES ('40d30564-b083-47b0-b5d8-0a9283759c0d', '642bb858-ba5e-40fa-84e7-e87f139a8b31', '姜', 3, '片', 4);
INSERT INTO ingredients (id, recipe_id, name, amount, unit, sort_order) VALUES ('0fe098d2-d18e-4beb-9139-179d065a7f92', '642bb858-ba5e-40fa-84e7-e87f139a8b31', '豆瓣酱', 1, '勺', 5);
INSERT INTO ingredients (id, recipe_id, name, amount, unit, sort_order) VALUES ('c39bbd1a-ed47-43cc-b928-08e3aeaccd86', '642bb858-ba5e-40fa-84e7-e87f139a8b31', '生抽', 10, '毫升', 6);
INSERT INTO ingredients (id, recipe_id, name, amount, unit, sort_order) VALUES ('12bf1985-bba5-483b-b564-50fbac4f820b', '642bb858-ba5e-40fa-84e7-e87f139a8b31', '食用油', 20, '毫升', 7);
INSERT INTO steps (id, recipe_id, description, step_type, time_minutes, sort_order) VALUES ('893e86c1-fab7-4b98-98c5-9e0232891e72', '642bb858-ba5e-40fa-84e7-e87f139a8b31', '花菜洗净切成小朵，五花肉切薄片，辣椒切段，姜蒜切片备用。', 'prep', 10, 0);
INSERT INTO steps (id, recipe_id, description, step_type, time_minutes, sort_order) VALUES ('e4f48d21-07f0-4088-8c88-4ff8a71785f6', '642bb858-ba5e-40fa-84e7-e87f139a8b31', '锅中倒入少许油，放入五花肉片煸炒至出油，表面微焦。', 'active_cook', 3, 1);
INSERT INTO steps (id, recipe_id, description, step_type, time_minutes, sort_order) VALUES ('bb47f617-4d2d-400b-920a-c715a1a78af9', '642bb858-ba5e-40fa-84e7-e87f139a8b31', '加入姜片、蒜片、辣椒段和豆瓣酱，中小火炒出红油和香味。', 'active_cook', 2, 2);
INSERT INTO steps (id, recipe_id, description, step_type, time_minutes, sort_order) VALUES ('9bddf9fe-778f-4c4e-a671-3d02186351f1', '642bb858-ba5e-40fa-84e7-e87f139a8b31', '转大火，倒入花菜快速翻炒，使花菜均匀裹上调料，炒至断生且边缘微焦。', 'active_cook', 8, 3);
INSERT INTO steps (id, recipe_id, description, step_type, time_minutes, sort_order) VALUES ('789fd911-cdae-4fe2-a49d-c62f928ef27a', '642bb858-ba5e-40fa-84e7-e87f139a8b31', '加入生抽调味，翻炒均匀后即可出锅。', 'active_cook', 2, 4);
INSERT INTO recipes (id, owner_user_id, title, description, cover_image, tools, category, difficulty, prep_time, cook_time, tags, created_at, last_modified_at) VALUES ('2c97b2de-3c2a-4eb9-9d28-b6f657be7725', 'user_test_123456', '皮蛋瘦肉粥', '经典的粤式粥品，以大米、皮蛋和瘦肉为主要原料，口感绵密滑顺，咸香鲜美，是极受欢迎的早餐或夜宵选择。', 'recipes/cefdb875-ea86-4c46-8906-93bccd715fe3-pidan_shourou_zhou_1773001517998.png', '砂锅或深汤锅', '早餐', 'easy', 15, 45, '["中餐","粤菜","粥品","猪肉"]', '2025-11-12 07:11:26', '2025-11-12 07:11:26');
INSERT INTO ingredients (id, recipe_id, name, amount, unit, sort_order) VALUES ('0762ff98-ac88-4cc5-abd1-e1e5945c7bfc', '2c97b2de-3c2a-4eb9-9d28-b6f657be7725', '大米', 150, '克', 0);
INSERT INTO ingredients (id, recipe_id, name, amount, unit, sort_order) VALUES ('d7ad7352-6b08-41b2-8591-b7deaec1acc1', '2c97b2de-3c2a-4eb9-9d28-b6f657be7725', '猪里脊肉', 100, '克', 1);
INSERT INTO ingredients (id, recipe_id, name, amount, unit, sort_order) VALUES ('1f4c012c-2e9d-4f80-95ca-abc83637a83a', '2c97b2de-3c2a-4eb9-9d28-b6f657be7725', '皮蛋', 2, '个', 2);
INSERT INTO ingredients (id, recipe_id, name, amount, unit, sort_order) VALUES ('7f00d710-9fe4-454a-a90a-1f0f72872fb3', '2c97b2de-3c2a-4eb9-9d28-b6f657be7725', '生姜', 10, '克', 3);
INSERT INTO ingredients (id, recipe_id, name, amount, unit, sort_order) VALUES ('37b5a963-2705-4fcf-b39f-ae600c8d3408', '2c97b2de-3c2a-4eb9-9d28-b6f657be7725', '小葱', 10, '克', 4);
INSERT INTO ingredients (id, recipe_id, name, amount, unit, sort_order) VALUES ('343bf8ee-9c10-4616-9e5e-9fd78f68b515', '2c97b2de-3c2a-4eb9-9d28-b6f657be7725', '盐', 5, '克', 5);
INSERT INTO ingredients (id, recipe_id, name, amount, unit, sort_order) VALUES ('add05de0-36e1-4628-a9a2-b5740cf32a71', '2c97b2de-3c2a-4eb9-9d28-b6f657be7725', '料酒', 5, '毫升', 6);
INSERT INTO ingredients (id, recipe_id, name, amount, unit, sort_order) VALUES ('87550df6-36a9-4d8f-97c7-9f4ce45ff155', '2c97b2de-3c2a-4eb9-9d28-b6f657be7725', '白胡椒粉', 2, '克', 7);
INSERT INTO steps (id, recipe_id, description, step_type, time_minutes, sort_order) VALUES ('0eaf34ca-ba44-44e6-b0d3-9f2eccc6b6ce', '2c97b2de-3c2a-4eb9-9d28-b6f657be7725', '大米洗净，用清水浸泡约30分钟，加入少许油拌匀；猪肉切成丝或薄片，用料酒、少许盐和姜丝腌制15分钟。', 'prep', 15, 0);
INSERT INTO steps (id, recipe_id, description, step_type, time_minutes, sort_order) VALUES ('035c9b98-1d2c-4b8b-acec-5ca6bb0220dc', '2c97b2de-3c2a-4eb9-9d28-b6f657be7725', '皮蛋剥壳切成小块；姜切丝，葱切成葱花备用。', 'prep', 5, 1);
INSERT INTO steps (id, recipe_id, description, step_type, time_minutes, sort_order) VALUES ('aaff5646-6712-42de-a0b1-cba3ded9501f', '2c97b2de-3c2a-4eb9-9d28-b6f657be7725', '锅中加入约1.5升清水，大火烧开后下入浸泡好的大米，再次煮开后转小火慢熬，期间需间歇搅拌防止粘锅。', 'active_cook', 30, 2);
INSERT INTO steps (id, recipe_id, description, step_type, time_minutes, sort_order) VALUES ('0c9639cc-8b24-4a5b-bfc8-c4efde399663', '2c97b2de-3c2a-4eb9-9d28-b6f657be7725', '待粥体变得粘稠时，下入皮蛋块和腌制好的肉丝，改中火煮约5-10分钟，直到肉色变白熟透。', 'active_cook', 10, 3);
INSERT INTO steps (id, recipe_id, description, step_type, time_minutes, sort_order) VALUES ('0051e372-15aa-4b0b-80e9-4cee4e255c1b', '2c97b2de-3c2a-4eb9-9d28-b6f657be7725', '加入盐、白胡椒粉调味，撒上葱花即可出锅。', 'active_cook', 5, 4);
INSERT INTO recipes (id, owner_user_id, title, description, cover_image, tools, category, difficulty, prep_time, cook_time, tags, created_at, last_modified_at) VALUES ('a0d97182-9627-48fa-96ca-96445039727f', 'user_test_123456', '绿豆汤', '清热解暑的传统中式甜品，口感沙软，清甜可口。', 'recipes/01ad6828-aa6d-4315-bf2a-803123323d18-lvdou_tang_1773001532146.png', '汤锅', '甜点', 'easy', 10, 45, '["中餐","甜品","清热解暑"]', '2026-02-23 04:46:12', '2026-02-23 04:46:12');
INSERT INTO ingredients (id, recipe_id, name, amount, unit, sort_order) VALUES ('cd04b646-3908-4324-b764-dc475b342fee', 'a0d97182-9627-48fa-96ca-96445039727f', '绿豆', 100, '克', 0);
INSERT INTO ingredients (id, recipe_id, name, amount, unit, sort_order) VALUES ('efa8c89d-79ee-48b6-9b5c-ba53f8b9a7b9', 'a0d97182-9627-48fa-96ca-96445039727f', '水', 1000, '毫升', 1);
INSERT INTO ingredients (id, recipe_id, name, amount, unit, sort_order) VALUES ('45bd2fa0-df7d-4ce0-ad17-6ba6970ec3a2', 'a0d97182-9627-48fa-96ca-96445039727f', '冰糖', 30, '克', 2);
INSERT INTO steps (id, recipe_id, description, step_type, time_minutes, sort_order) VALUES ('ad39f607-571f-4b03-8e4a-b6339b8f6068', 'a0d97182-9627-48fa-96ca-96445039727f', '绿豆洗净，提前浸泡2小时（或采用冷冻法加速煮烂）。', 'prep', 5, 0);
INSERT INTO steps (id, recipe_id, description, step_type, time_minutes, sort_order) VALUES ('f5649ea2-869b-46f5-a422-d2b5bac2e14c', 'a0d97182-9627-48fa-96ca-96445039727f', '锅中加入绿豆和水，大火烧开。', 'active_cook', 5, 1);
INSERT INTO steps (id, recipe_id, description, step_type, time_minutes, sort_order) VALUES ('c93077ec-1405-49d5-a9ba-bfccfa3292fc', 'a0d97182-9627-48fa-96ca-96445039727f', '转中小火焖煮约40分钟，直至绿豆软烂开花。', 'active_cook', 40, 2);
INSERT INTO steps (id, recipe_id, description, step_type, time_minutes, sort_order) VALUES ('b00deaad-bdb0-453c-a5c5-b0fa16241c71', 'a0d97182-9627-48fa-96ca-96445039727f', '按个人口味加入冰糖搅拌至融化即可。', 'active_cook', 5, 3);
INSERT INTO recipes (id, owner_user_id, title, description, cover_image, tools, category, difficulty, prep_time, cook_time, tags, created_at, last_modified_at) VALUES ('b24bc4ee-ec01-458d-a99d-1b130b67683a', 'user_test_123456', '黑椒鸡片', '这是一道香气浓郁、做法简单的家常菜。鸡肉鲜嫩，搭配黑胡椒的辛香，非常下饭。', 'recipes/32f65b70-a243-4071-8056-24f8019b0794-heijiao_jipian_1773001557662.png', '炒锅', '晚餐', 'easy', 10, 10, '["中餐","鸡肉","家常菜","黑胡椒"]', '2025-12-21 18:22:02', '2025-12-21 18:22:02');
INSERT INTO ingredients (id, recipe_id, name, amount, unit, sort_order) VALUES ('9b504a89-2190-417a-90b1-160acfce2dca', 'b24bc4ee-ec01-458d-a99d-1b130b67683a', '鸡胸肉', 300, '克', 0);
INSERT INTO ingredients (id, recipe_id, name, amount, unit, sort_order) VALUES ('e0f20c1e-eab2-442e-bf7a-44be3112b41e', 'b24bc4ee-ec01-458d-a99d-1b130b67683a', '黑胡椒粉', 5, '克', 1);
INSERT INTO ingredients (id, recipe_id, name, amount, unit, sort_order) VALUES ('64b07d88-e1cc-4d5f-aa5b-2d82a15838cf', 'b24bc4ee-ec01-458d-a99d-1b130b67683a', '小葱', 10, '克', 2);
INSERT INTO ingredients (id, recipe_id, name, amount, unit, sort_order) VALUES ('227a2021-cdb8-441f-9560-dbe8d07e63e4', 'b24bc4ee-ec01-458d-a99d-1b130b67683a', '大蒜', 5, '克', 3);
INSERT INTO ingredients (id, recipe_id, name, amount, unit, sort_order) VALUES ('ae32e88f-7c45-4990-be6c-b8fbd60535dd', 'b24bc4ee-ec01-458d-a99d-1b130b67683a', '生抽', 15, '毫升', 4);
INSERT INTO ingredients (id, recipe_id, name, amount, unit, sort_order) VALUES ('88b24dce-63d0-4de1-a2b5-9f5048b3958d', 'b24bc4ee-ec01-458d-a99d-1b130b67683a', '料酒', 10, '毫升', 5);
INSERT INTO ingredients (id, recipe_id, name, amount, unit, sort_order) VALUES ('4a3a27d6-20c9-439e-bd47-dfab1443d967', 'b24bc4ee-ec01-458d-a99d-1b130b67683a', '淀粉', 5, '克', 6);
INSERT INTO ingredients (id, recipe_id, name, amount, unit, sort_order) VALUES ('6d12b63e-8a46-4603-975e-879cb4a81717', 'b24bc4ee-ec01-458d-a99d-1b130b67683a', '食用油', 20, '毫升', 7);
INSERT INTO steps (id, recipe_id, description, step_type, time_minutes, sort_order) VALUES ('9f86443c-56da-415b-9fea-efa61c4037ac', 'b24bc4ee-ec01-458d-a99d-1b130b67683a', '将鸡胸肉洗净切成薄片，放入碗中，加入生抽、料酒、黑胡椒粉和淀粉，抓匀腌制10分钟。', 'prep', 10, 0);
INSERT INTO steps (id, recipe_id, description, step_type, time_minutes, sort_order) VALUES ('30c289c4-ded8-4f38-86f6-515825845e29', 'b24bc4ee-ec01-458d-a99d-1b130b67683a', '小葱切成葱花，大蒜切成薄片备用。', 'prep', 2, 1);
INSERT INTO steps (id, recipe_id, description, step_type, time_minutes, sort_order) VALUES ('3875178f-9f7b-43f5-ad5e-61f382e9ee2d', 'b24bc4ee-ec01-458d-a99d-1b130b67683a', '炒锅烧热，倒入食用油，下入蒜片爆香。', 'active_cook', 1, 2);
INSERT INTO steps (id, recipe_id, description, step_type, time_minutes, sort_order) VALUES ('4351a505-a4bc-4a38-8799-b475e2dbed60', 'b24bc4ee-ec01-458d-a99d-1b130b67683a', '放入腌制好的鸡肉片，中火平铺在锅底，煎至两面金黄并熟透。', 'active_cook', 6, 3);
INSERT INTO steps (id, recipe_id, description, step_type, time_minutes, sort_order) VALUES ('db997f7e-7639-43d9-914a-44b3fcca8068', 'b24bc4ee-ec01-458d-a99d-1b130b67683a', '撒上新鲜葱花，翻炒均匀后即可出锅装盘。', 'active_cook', 1, 4);
INSERT INTO recipes (id, owner_user_id, title, description, cover_image, tools, category, difficulty, prep_time, cook_time, tags, created_at, last_modified_at) VALUES ('3db0a723-dbd5-48c4-bef9-e14788013ec1', 'user_test_123456', '酸辣土豆丝', '一道经典的家常菜，土豆丝口感清脆，酸辣适口，非常开胃。', 'recipes/6e71fcc9-723f-4b6d-89ac-c17727afd136-suanla_tudousi_1773001568550.png', '炒锅', '晚餐', 'easy', 10, 5, '["中餐","土豆","家常菜","酸辣"]', '2026-01-25 00:14:07', '2026-01-25 00:14:07');
INSERT INTO ingredients (id, recipe_id, name, amount, unit, sort_order) VALUES ('549f995e-5a37-476d-8166-9b1c55162e48', '3db0a723-dbd5-48c4-bef9-e14788013ec1', '土豆', 500, '克', 0);
INSERT INTO ingredients (id, recipe_id, name, amount, unit, sort_order) VALUES ('60f7018f-5288-4eda-b7e1-e169fff93aa9', '3db0a723-dbd5-48c4-bef9-e14788013ec1', '干辣椒', 5, '个', 1);
INSERT INTO ingredients (id, recipe_id, name, amount, unit, sort_order) VALUES ('691a5f47-8eb2-427d-a602-33e0073dad39', '3db0a723-dbd5-48c4-bef9-e14788013ec1', '花椒', 10, '粒', 2);
INSERT INTO ingredients (id, recipe_id, name, amount, unit, sort_order) VALUES ('4d87f138-8bee-40ba-808e-a0113128a591', '3db0a723-dbd5-48c4-bef9-e14788013ec1', '白醋', 2, '汤勺', 3);
INSERT INTO ingredients (id, recipe_id, name, amount, unit, sort_order) VALUES ('91e41356-f681-453a-814c-2d7c822e88ff', '3db0a723-dbd5-48c4-bef9-e14788013ec1', '盐', 1, '茶匙', 4);
INSERT INTO ingredients (id, recipe_id, name, amount, unit, sort_order) VALUES ('6428a6b6-70c0-43f2-bd15-0a8d60212437', '3db0a723-dbd5-48c4-bef9-e14788013ec1', '大蒜', 2, '瓣', 5);
INSERT INTO ingredients (id, recipe_id, name, amount, unit, sort_order) VALUES ('be7d5d98-0909-4cea-8776-a69c859d1351', '3db0a723-dbd5-48c4-bef9-e14788013ec1', '大葱', 1, '小段', 6);
INSERT INTO ingredients (id, recipe_id, name, amount, unit, sort_order) VALUES ('4c1122ca-17ea-44a2-aab4-24d271538591', '3db0a723-dbd5-48c4-bef9-e14788013ec1', '食用油', 20, '毫升', 7);
INSERT INTO steps (id, recipe_id, description, step_type, time_minutes, sort_order) VALUES ('a8377eae-2f69-4bbb-adc8-9a85cb98669c', '3db0a723-dbd5-48c4-bef9-e14788013ec1', '土豆去皮洗净，切成均匀的细丝，放入清水中浸泡，洗净表面淀粉以保持清脆。', 'prep', 5, 0);
INSERT INTO steps (id, recipe_id, description, step_type, time_minutes, sort_order) VALUES ('2275d6b5-8b62-4eb7-aa5f-0a32005ebb0d', '3db0a723-dbd5-48c4-bef9-e14788013ec1', '干辣椒切段，葱切段，大蒜切片备用。', 'prep', 2, 1);
INSERT INTO steps (id, recipe_id, description, step_type, time_minutes, sort_order) VALUES ('f85b760f-31bc-49ad-94ef-fb16e11d1e9b', '3db0a723-dbd5-48c4-bef9-e14788013ec1', '锅中倒入食用油，烧热后放入花椒，爆香后将花椒捞出不要。', 'active_cook', 1, 2);
INSERT INTO steps (id, recipe_id, description, step_type, time_minutes, sort_order) VALUES ('9543b5db-8f62-4f8d-9532-867754466679', '3db0a723-dbd5-48c4-bef9-e14788013ec1', '放入干辣椒段、葱段和蒜片爆香。', 'active_cook', 1, 3);
INSERT INTO steps (id, recipe_id, description, step_type, time_minutes, sort_order) VALUES ('063cfcd2-2bfc-41d7-9719-bb9b3f33d40b', '3db0a723-dbd5-48c4-bef9-e14788013ec1', '倒入沥干水的土豆丝，用大火快速翻炒约2分钟，直到土豆丝变色。 ', 'active_cook', 2, 4);
INSERT INTO steps (id, recipe_id, description, step_type, time_minutes, sort_order) VALUES ('a31668e7-0acd-4afe-9671-2a00e75ec8bb', '3db0a723-dbd5-48c4-bef9-e14788013ec1', '加入白醋和盐，继续翻炒均匀后立即出锅，防止过度烹饪导致失去脆度。', 'active_cook', 1, 5);
INSERT INTO recipes (id, owner_user_id, title, description, cover_image, tools, category, difficulty, prep_time, cook_time, tags, created_at, last_modified_at) VALUES ('93502067-e3fc-445d-98cf-13f948347d54', 'user_test_123456', '老醋花生', '酥脆的花生米配上酸甜适口的陈醋汁，是一道经典的凉菜和佐酒小食。', 'recipes/8a1c470c-6be7-4b8e-87cb-f136904180b9-laocu_huasheng_1773001582260.png', '炒锅', '凉菜', 'easy', 5, 10, '["中餐","素食","下酒菜","经典"]', '2025-11-16 14:49:24', '2025-11-16 14:49:24');
INSERT INTO ingredients (id, recipe_id, name, amount, unit, sort_order) VALUES ('5e7ebd4c-bf87-459d-96e5-7c916403c4ec', '93502067-e3fc-445d-98cf-13f948347d54', '花生米', 250, '克', 0);
INSERT INTO ingredients (id, recipe_id, name, amount, unit, sort_order) VALUES ('e399f6d3-fcf2-430d-9ad3-455d2805f15f', '93502067-e3fc-445d-98cf-13f948347d54', '陈醋', 3, '勺', 1);
INSERT INTO ingredients (id, recipe_id, name, amount, unit, sort_order) VALUES ('20814719-f997-4797-b16d-1fea0fb3f9d6', '93502067-e3fc-445d-98cf-13f948347d54', '白糖', 1, '勺', 2);
INSERT INTO ingredients (id, recipe_id, name, amount, unit, sort_order) VALUES ('bb15d15c-5324-4536-9e62-75e938d6fb4b', '93502067-e3fc-445d-98cf-13f948347d54', '生抽', 1, '勺', 3);
INSERT INTO ingredients (id, recipe_id, name, amount, unit, sort_order) VALUES ('2ef8eff9-1b82-4c32-816b-c1e3e2ef0d78', '93502067-e3fc-445d-98cf-13f948347d54', '洋葱', 30, '克', 4);
INSERT INTO ingredients (id, recipe_id, name, amount, unit, sort_order) VALUES ('bb4f4784-70a0-46af-bda5-0edda9d0e617', '93502067-e3fc-445d-98cf-13f948347d54', '食用油', 500, '毫升', 5);
INSERT INTO steps (id, recipe_id, description, step_type, time_minutes, sort_order) VALUES ('a84d431f-c0f0-4b6b-80bd-3a15ecd2a686', '93502067-e3fc-445d-98cf-13f948347d54', '洋葱切小丁备用；将陈醋、白糖、生抽调和成味汁。', 'prep', 3, 0);
INSERT INTO steps (id, recipe_id, description, step_type, time_minutes, sort_order) VALUES ('10067dc0-792e-493d-8cab-f9483a4d02a6', '93502067-e3fc-445d-98cf-13f948347d54', '冷锅冷油放入花生米，开小火慢炸。', 'active_cook', 2, 1);
INSERT INTO steps (id, recipe_id, description, step_type, time_minutes, sort_order) VALUES ('786d39e3-2285-46b6-8779-0bec2f5562ef', '93502067-e3fc-445d-98cf-13f948347d54', '炸至花生米发出噼啪声并微微变色，立即捞出沥油。', 'active_cook', 5, 2);
INSERT INTO steps (id, recipe_id, description, step_type, time_minutes, sort_order) VALUES ('d69cbe70-8c5c-4988-96f9-734eb6667b23', '93502067-e3fc-445d-98cf-13f948347d54', '将花生米摊开晾凉，保持酥脆感。', 'active_cook', 3, 3);
INSERT INTO steps (id, recipe_id, description, step_type, time_minutes, sort_order) VALUES ('fd5ed9c9-7187-48e0-9fd7-b36448c64536', '93502067-e3fc-445d-98cf-13f948347d54', '将凉透的花生米与味汁混合，撒上洋葱丁即可食用。', 'prep', 2, 4);
INSERT INTO recipes (id, owner_user_id, title, description, cover_image, tools, category, difficulty, prep_time, cook_time, tags, created_at, last_modified_at) VALUES ('329597be-9bab-4a6f-b0a2-fb4c6407bf34', 'user_test_123456', '辣椒炒肉', '辣椒炒肉是一道非常下饭的经典湘式家常菜，以猪肉和辣椒为主要食材，香辣可口，口感层次丰富。', 'recipes/0ca04be9-53b9-43dd-b9a8-e0943dc9a29d-lajiao_chaorou_1773001595086.png', '炒锅', '晚餐', 'easy', 10, 10, '["中餐","猪肉","家常菜","下饭菜","湘菜"]', '2026-02-21 17:54:07', '2026-02-21 17:54:07');
INSERT INTO ingredients (id, recipe_id, name, amount, unit, sort_order) VALUES ('8d631ab4-7d40-4cab-98bc-e815920a6eb8', '329597be-9bab-4a6f-b0a2-fb4c6407bf34', '猪五花肉', 250, '克', 0);
INSERT INTO ingredients (id, recipe_id, name, amount, unit, sort_order) VALUES ('82910290-c019-492f-acaf-d6bdab3b5517', '329597be-9bab-4a6f-b0a2-fb4c6407bf34', '螺丝椒或青椒', 200, '克', 1);
INSERT INTO ingredients (id, recipe_id, name, amount, unit, sort_order) VALUES ('16f58af3-2d1d-4b84-be16-2232179429c2', '329597be-9bab-4a6f-b0a2-fb4c6407bf34', '大蒜', 3, '瓣', 2);
INSERT INTO ingredients (id, recipe_id, name, amount, unit, sort_order) VALUES ('aaeade09-e11d-4766-99d4-840f810c4099', '329597be-9bab-4a6f-b0a2-fb4c6407bf34', '生姜', 5, '克', 3);
INSERT INTO ingredients (id, recipe_id, name, amount, unit, sort_order) VALUES ('1e1b38fc-d9a6-455c-97a5-0a803be75c0c', '329597be-9bab-4a6f-b0a2-fb4c6407bf34', '生抽', 1, '汤匙', 4);
INSERT INTO ingredients (id, recipe_id, name, amount, unit, sort_order) VALUES ('d9ffb9ab-e844-4553-a9fa-414840977d93', '329597be-9bab-4a6f-b0a2-fb4c6407bf34', '老抽', 0.5, '汤匙', 5);
INSERT INTO ingredients (id, recipe_id, name, amount, unit, sort_order) VALUES ('409f7098-3e46-47b2-a991-7aa61f709c11', '329597be-9bab-4a6f-b0a2-fb4c6407bf34', '蚝油', 1, '汤匙', 6);
INSERT INTO ingredients (id, recipe_id, name, amount, unit, sort_order) VALUES ('cb23e827-ff2a-444c-bc63-ba4f231ddd4f', '329597be-9bab-4a6f-b0a2-fb4c6407bf34', '盐', 2, '克', 7);
INSERT INTO ingredients (id, recipe_id, name, amount, unit, sort_order) VALUES ('21a65f98-d53e-4e55-8c38-a4939dfb2aad', '329597be-9bab-4a6f-b0a2-fb4c6407bf34', '料酒', 1, '汤匙', 8);
INSERT INTO steps (id, recipe_id, description, step_type, time_minutes, sort_order) VALUES ('77cc6abe-a1b6-4dba-881f-ec72a1d0de0f', '329597be-9bab-4a6f-b0a2-fb4c6407bf34', '猪五花肉洗净切薄片，辣椒去蒂切斜段，大蒜切片，生姜切丝备用。', 'prep', 5, 0);
INSERT INTO steps (id, recipe_id, description, step_type, time_minutes, sort_order) VALUES ('f4b28faa-2a15-4676-8b2c-9c2829bcf7c0', '329597be-9bab-4a6f-b0a2-fb4c6407bf34', '净锅烧热，不放油，倒入辣椒中火煸炒，边炒边按压，直至辣椒表面出现虎皮状，盛出备用。', 'active_cook', 3, 1);
INSERT INTO steps (id, recipe_id, description, step_type, time_minutes, sort_order) VALUES ('5ad8d386-e7b9-4416-81f2-87a5921f89a6', '329597be-9bab-4a6f-b0a2-fb4c6407bf34', '锅中倒入适量底油，下入肉片中火煸炒至微微出油且变色。', 'active_cook', 2, 2);
INSERT INTO steps (id, recipe_id, description, step_type, time_minutes, sort_order) VALUES ('fa5d8624-95b3-4f15-af7b-9b2f29b99f5f', '329597be-9bab-4a6f-b0a2-fb4c6407bf34', '放入姜丝和蒜片炒香，调入料酒、生抽、老抽翻炒均匀上色。', 'active_cook', 2, 3);
INSERT INTO steps (id, recipe_id, description, step_type, time_minutes, sort_order) VALUES ('9efe0520-eae5-4cdd-9792-6a468370d655', '329597be-9bab-4a6f-b0a2-fb4c6407bf34', '倒入煸好的辣椒，加入蚝油和盐，转大火快速翻炒均匀即可出锅。', 'active_cook', 3, 4);
INSERT INTO recipes (id, owner_user_id, title, description, cover_image, tools, category, difficulty, prep_time, cook_time, tags, created_at, last_modified_at) VALUES ('50a22757-9610-4a23-b6ee-d53ab483852c', 'user_test_123456', '意式萨拉米洋葱披萨', '这是一款色泽金黄、香脆可口的意式薄底披萨。选用咸香的萨拉米香肠搭配浓郁的马苏里拉芝士，点缀清甜的红洋葱丝和新鲜罗勒，风味丰富且平衡。', 'recipes/ff8cb4df-70a5-4c08-9fa2-9e6c14fc623e-yishi_salami_pisa_1773001608061.png', '烤箱, 披萨铲, 擀面杖, 烤盘', '晚餐', 'medium', 60, 15, '["西餐","烘焙","披萨","晚餐"]', '2025-12-13 04:15:33', '2025-12-13 04:15:33');
INSERT INTO ingredients (id, recipe_id, name, amount, unit, sort_order) VALUES ('a726bcbf-8d8c-47f9-b5de-2362d9f01770', '50a22757-9610-4a23-b6ee-d53ab483852c', '高筋面粉', 250, '克', 0);
INSERT INTO ingredients (id, recipe_id, name, amount, unit, sort_order) VALUES ('35647f51-c447-4755-9e18-63374c973d20', '50a22757-9610-4a23-b6ee-d53ab483852c', '温水', 160, '毫升', 1);
INSERT INTO ingredients (id, recipe_id, name, amount, unit, sort_order) VALUES ('0c091fb4-5073-4ccf-8a32-d07c3beaee2f', '50a22757-9610-4a23-b6ee-d53ab483852c', '酵母', 3, '克', 2);
INSERT INTO ingredients (id, recipe_id, name, amount, unit, sort_order) VALUES ('0fd9baed-7188-48da-a11d-fd54fd03110f', '50a22757-9610-4a23-b6ee-d53ab483852c', '盐', 5, '克', 3);
INSERT INTO ingredients (id, recipe_id, name, amount, unit, sort_order) VALUES ('9fc60dc0-0446-4e47-bbff-f1c088832d84', '50a22757-9610-4a23-b6ee-d53ab483852c', '橄榄油', 10, '克', 4);
INSERT INTO ingredients (id, recipe_id, name, amount, unit, sort_order) VALUES ('5c512343-4d05-4fa8-90a6-0b210f825049', '50a22757-9610-4a23-b6ee-d53ab483852c', '马苏里拉芝士碎', 150, '克', 5);
INSERT INTO ingredients (id, recipe_id, name, amount, unit, sort_order) VALUES ('3e80ff45-3932-4737-a1f6-94f682461c29', '50a22757-9610-4a23-b6ee-d53ab483852c', '萨拉米香肠(Pepperoni)', 50, '克', 6);
INSERT INTO ingredients (id, recipe_id, name, amount, unit, sort_order) VALUES ('0b29cf63-b642-4469-91a0-bd6ef54d1f6b', '50a22757-9610-4a23-b6ee-d53ab483852c', '红洋葱丝', 20, '克', 7);
INSERT INTO ingredients (id, recipe_id, name, amount, unit, sort_order) VALUES ('7ef30a87-e90a-449e-a13e-eea1e1acf395', '50a22757-9610-4a23-b6ee-d53ab483852c', '披萨酱', 60, '克', 8);
INSERT INTO ingredients (id, recipe_id, name, amount, unit, sort_order) VALUES ('00a4fdc0-c20a-43d6-a697-bf71ef065d7e', '50a22757-9610-4a23-b6ee-d53ab483852c', '新鲜罗勒叶', 5, '克', 9);
INSERT INTO steps (id, recipe_id, description, step_type, time_minutes, sort_order) VALUES ('070ec251-51f7-484d-a69b-02e2f4000051', '50a22757-9610-4a23-b6ee-d53ab483852c', '将面粉、盐、酵母、水和橄榄油混合，揉搓成光滑且有弹性的面团。', 'prep', 15, 0);
INSERT INTO steps (id, recipe_id, description, step_type, time_minutes, sort_order) VALUES ('e318e30c-1cdc-45ed-9a2f-e3f7efb91c41', '50a22757-9610-4a23-b6ee-d53ab483852c', '面团放入涂油的盆中，盖上保鲜膜，在温暖处发酵约45分钟，直到体积加倍。', 'prep', 45, 1);
INSERT INTO steps (id, recipe_id, description, step_type, time_minutes, sort_order) VALUES ('2eb4a6c0-84ba-4b09-8ee5-02e9d109f700', '50a22757-9610-4a23-b6ee-d53ab483852c', '烤箱预热至230°C（或烤箱最高温）。', 'prep', 10, 2);
INSERT INTO steps (id, recipe_id, description, step_type, time_minutes, sort_order) VALUES ('0b313556-9e1f-47b6-9dd7-1407b7246adb', '50a22757-9610-4a23-b6ee-d53ab483852c', '将面团擀成圆形薄饼，边缘稍微留厚，涂上一层披萨酱。', 'active_cook', 5, 3);
INSERT INTO steps (id, recipe_id, description, step_type, time_minutes, sort_order) VALUES ('4755f603-5a12-4c9b-98bb-88efe4a05433', '50a22757-9610-4a23-b6ee-d53ab483852c', '均匀铺上芝士碎、萨拉米香肠片和薄洋葱丝。', 'active_cook', 5, 4);
INSERT INTO steps (id, recipe_id, description, step_type, time_minutes, sort_order) VALUES ('4f42d029-c1f2-4064-b6be-768a0547b3fb', '50a22757-9610-4a23-b6ee-d53ab483852c', '放入预热好的烤箱烘烤，直到饼底边缘金黄焦脆，芝士冒泡并出现褐色斑点。', 'active_cook', 15, 5);
INSERT INTO steps (id, recipe_id, description, step_type, time_minutes, sort_order) VALUES ('57259a6f-79ef-4ccd-ba8a-66971ad0638a', '50a22757-9610-4a23-b6ee-d53ab483852c', '取出披萨，趁热撒上新鲜罗勒叶并切块。', 'active_cook', 2, 6);
INSERT INTO recipes (id, owner_user_id, title, description, cover_image, tools, category, difficulty, prep_time, cook_time, tags, created_at, last_modified_at) VALUES ('43f7e981-c363-42b4-9a0c-60b124dabcb3', 'user_test_123456', '螃蟹粉丝煲', '这是一道经典的粤式名菜，鲜美的螃蟹与吸饱了浓郁汤汁的粉丝完美结合，口感鲜香软糯，色泽诱人。', 'recipes/bc51a8b7-3e7f-47a0-b251-7706a5ec5586-pangxie_fensi_bao_1773001647818.png', '砂锅或炒锅', '晚餐', 'medium', 20, 25, '["中餐","海鲜","粤菜","家常菜"]', '2026-01-05 20:50:02', '2026-01-05 20:50:02');
INSERT INTO ingredients (id, recipe_id, name, amount, unit, sort_order) VALUES ('b4903f82-69f5-4e95-842d-d38e850bf60b', '43f7e981-c363-42b4-9a0c-60b124dabcb3', '螃蟹', 2, '只', 0);
INSERT INTO ingredients (id, recipe_id, name, amount, unit, sort_order) VALUES ('2ffe9bed-abe0-4e56-a14c-6d734eb936f5', '43f7e981-c363-42b4-9a0c-60b124dabcb3', '粉丝', 150, '克', 1);
INSERT INTO ingredients (id, recipe_id, name, amount, unit, sort_order) VALUES ('68aee855-e3a0-48a6-8940-f03f47bcd457', '43f7e981-c363-42b4-9a0c-60b124dabcb3', '生姜', 10, '克', 2);
INSERT INTO ingredients (id, recipe_id, name, amount, unit, sort_order) VALUES ('749dbbc9-1fd2-4900-ac66-b9863154615f', '43f7e981-c363-42b4-9a0c-60b124dabcb3', '大蒜', 3, '瓣', 3);
INSERT INTO ingredients (id, recipe_id, name, amount, unit, sort_order) VALUES ('c2b8d8d0-09bd-4134-8e51-5f094c4f12b5', '43f7e981-c363-42b4-9a0c-60b124dabcb3', '小葱', 2, '根', 4);
INSERT INTO ingredients (id, recipe_id, name, amount, unit, sort_order) VALUES ('b92491a2-c106-4d75-a8b2-d0a4c9f079a6', '43f7e981-c363-42b4-9a0c-60b124dabcb3', '生抽', 2, '勺', 5);
INSERT INTO ingredients (id, recipe_id, name, amount, unit, sort_order) VALUES ('5fd98ed7-26b4-49ef-8bab-867f01408d8f', '43f7e981-c363-42b4-9a0c-60b124dabcb3', '老抽', 0.5, '勺', 6);
INSERT INTO ingredients (id, recipe_id, name, amount, unit, sort_order) VALUES ('d183e9e4-d611-4821-bfb5-651b8fc659d3', '43f7e981-c363-42b4-9a0c-60b124dabcb3', '蚝油', 1, '勺', 7);
INSERT INTO ingredients (id, recipe_id, name, amount, unit, sort_order) VALUES ('40bd9c3a-4f13-4748-bd84-355b9d38fc8f', '43f7e981-c363-42b4-9a0c-60b124dabcb3', '料酒', 1, '勺', 8);
INSERT INTO ingredients (id, recipe_id, name, amount, unit, sort_order) VALUES ('c31666f6-f95b-4b82-a84f-328ab6721afe', '43f7e981-c363-42b4-9a0c-60b124dabcb3', '白糖', 5, '克', 9);
INSERT INTO ingredients (id, recipe_id, name, amount, unit, sort_order) VALUES ('047ea835-f925-4226-85a2-646a1fcdfd70', '43f7e981-c363-42b4-9a0c-60b124dabcb3', '高汤或水', 300, '毫升', 10);
INSERT INTO steps (id, recipe_id, description, step_type, time_minutes, sort_order) VALUES ('180d9c3f-870d-4302-aeab-184d920fb3aa', '43f7e981-c363-42b4-9a0c-60b124dabcb3', '将粉丝放入温水中浸泡20分钟至软，捞出沥干备用。', 'prep', 20, 0);
INSERT INTO steps (id, recipe_id, description, step_type, time_minutes, sort_order) VALUES ('33925ebd-fa73-4637-a9f1-95c31ce05c61', '43f7e981-c363-42b4-9a0c-60b124dabcb3', '螃蟹洗净去掉内脏，切成大块，姜切片，蒜切末，葱切段。', 'prep', 10, 1);
INSERT INTO steps (id, recipe_id, description, step_type, time_minutes, sort_order) VALUES ('a96a0666-93eb-4d26-aaa4-d980a671582f', '43f7e981-c363-42b4-9a0c-60b124dabcb3', '锅中油热后，放入姜片、蒜末和葱段爆香，放入螃蟹块翻炒至变色。', 'active_cook', 5, 2);
INSERT INTO steps (id, recipe_id, description, step_type, time_minutes, sort_order) VALUES ('5a2db172-a301-419e-9d45-da847d20e873', '43f7e981-c363-42b4-9a0c-60b124dabcb3', '加入料酒、生抽、老抽、蚝油、白糖和高汤，大火煮开。', 'active_cook', 3, 3);
INSERT INTO steps (id, recipe_id, description, step_type, time_minutes, sort_order) VALUES ('89750e78-9737-4ac6-96b1-09b587489fdb', '43f7e981-c363-42b4-9a0c-60b124dabcb3', '放入泡好的粉丝，转小火焖煮5-8分钟，直到粉丝吸干大部分汤汁。', 'active_cook', 8, 4);
INSERT INTO steps (id, recipe_id, description, step_type, time_minutes, sort_order) VALUES ('12794524-3b29-4d74-beb0-7f4e9f09fe20', '43f7e981-c363-42b4-9a0c-60b124dabcb3', '撒上葱花，拌匀即可出锅。', 'active_cook', 2, 5);
INSERT INTO recipes (id, owner_user_id, title, description, cover_image, tools, category, difficulty, prep_time, cook_time, tags, created_at, last_modified_at) VALUES ('f7bf1e50-4d56-4cf8-b214-81f24c40a85d', 'user_test_123456', '白菜炒粉丝', '这是一道非常经典的家常菜，白菜的清甜搭配吸收了肉汁和调料的粉丝，口感顺滑，咸鲜入味，是非常下饭的快手菜。', 'recipes/6a61ea81-473b-4470-ba99-42841a8c09a0-baicai_chao_fensi_1773001660824.png', '炒锅', '晚餐', 'easy', 10, 10, '["中餐","家常菜","粉丝","白菜"]', '2025-12-12 16:06:59', '2025-12-12 16:06:59');
INSERT INTO ingredients (id, recipe_id, name, amount, unit, sort_order) VALUES ('5d0da3a7-0738-412f-ae63-f0c23d95eb22', 'f7bf1e50-4d56-4cf8-b214-81f24c40a85d', '大白菜', 300, '克', 0);
INSERT INTO ingredients (id, recipe_id, name, amount, unit, sort_order) VALUES ('e10c56b9-cbc4-4531-b559-bf06ca33369d', 'f7bf1e50-4d56-4cf8-b214-81f24c40a85d', '粉丝', 50, '克', 1);
INSERT INTO ingredients (id, recipe_id, name, amount, unit, sort_order) VALUES ('54c30e52-7f3e-439a-9210-9c536e83f02a', 'f7bf1e50-4d56-4cf8-b214-81f24c40a85d', '里脊肉丝', 50, '克', 2);
INSERT INTO ingredients (id, recipe_id, name, amount, unit, sort_order) VALUES ('2d4cf273-c879-4d66-abb0-097d8501476a', 'f7bf1e50-4d56-4cf8-b214-81f24c40a85d', '生抽', 15, '毫升', 3);
INSERT INTO ingredients (id, recipe_id, name, amount, unit, sort_order) VALUES ('37ba7711-a24d-4a55-b513-18e5d06e3548', 'f7bf1e50-4d56-4cf8-b214-81f24c40a85d', '老抽', 5, '毫升', 4);
INSERT INTO ingredients (id, recipe_id, name, amount, unit, sort_order) VALUES ('1f7d9082-6ec6-4dac-a893-755bc1744e27', 'f7bf1e50-4d56-4cf8-b214-81f24c40a85d', '食盐', 2, '克', 5);
INSERT INTO ingredients (id, recipe_id, name, amount, unit, sort_order) VALUES ('04c7571b-2ed8-4ac8-8138-44185ae9cada', 'f7bf1e50-4d56-4cf8-b214-81f24c40a85d', '葱', 10, '克', 6);
INSERT INTO ingredients (id, recipe_id, name, amount, unit, sort_order) VALUES ('468eeeaa-85e7-455f-b3fd-d07a934f3f38', 'f7bf1e50-4d56-4cf8-b214-81f24c40a85d', '姜', 5, '克', 7);
INSERT INTO ingredients (id, recipe_id, name, amount, unit, sort_order) VALUES ('92bd291c-ec1b-4f95-a76f-a7d5a2860b9d', 'f7bf1e50-4d56-4cf8-b214-81f24c40a85d', '蒜', 5, '克', 8);
INSERT INTO ingredients (id, recipe_id, name, amount, unit, sort_order) VALUES ('169df172-0dd3-43cf-a135-2ba3b484d0be', 'f7bf1e50-4d56-4cf8-b214-81f24c40a85d', '食用油', 20, '毫升', 9);
INSERT INTO steps (id, recipe_id, description, step_type, time_minutes, sort_order) VALUES ('5d61db32-01c5-479d-94f4-ad47b2150030', 'f7bf1e50-4d56-4cf8-b214-81f24c40a85d', '将粉丝用温水浸泡10分钟至软，剪成约15厘米的长段备用。', 'prep', 5, 0);
INSERT INTO steps (id, recipe_id, description, step_type, time_minutes, sort_order) VALUES ('15258feb-5456-44ab-bf94-9b0de3035635', 'f7bf1e50-4d56-4cf8-b214-81f24c40a85d', '大白菜洗净切成粗丝，猪肉切成细丝，葱姜蒜切末备用。', 'prep', 5, 1);
INSERT INTO steps (id, recipe_id, description, step_type, time_minutes, sort_order) VALUES ('c4d41055-5ae4-41f7-a0be-5d51d88efda1', 'f7bf1e50-4d56-4cf8-b214-81f24c40a85d', '锅中倒入食用油，烧热后放入肉丝，快速滑散至变色。', 'active_cook', 2, 2);
INSERT INTO steps (id, recipe_id, description, step_type, time_minutes, sort_order) VALUES ('800e590c-0223-40b7-af8a-3021764dea51', 'f7bf1e50-4d56-4cf8-b214-81f24c40a85d', '加入葱姜蒜末爆香，放入大白菜丝，大火翻炒至白菜变软出水。', 'active_cook', 3, 3);
INSERT INTO steps (id, recipe_id, description, step_type, time_minutes, sort_order) VALUES ('92669714-edb7-4b20-b17f-a9982d7ab3ae', 'f7bf1e50-4d56-4cf8-b214-81f24c40a85d', '放入泡好的粉丝，加入生抽、老抽、盐调味，大火快速翻炒均匀，让粉丝吸收汤汁。', 'active_cook', 3, 4);
INSERT INTO steps (id, recipe_id, description, step_type, time_minutes, sort_order) VALUES ('e3146977-158e-47e9-9e70-51e40eb73a1e', 'f7bf1e50-4d56-4cf8-b214-81f24c40a85d', '待粉丝变透明且入味后，撒上葱花即可出锅。', 'active_cook', 2, 5);
